out_start,out_end,src_start,src_end,len
0,2048,8049,10097,2048
2048,4096,10097,12145,2048
4096,6144,12145,14193,2048
6144,8192,14193,16241,2048
8192,10240,16241,18289,2048
10240,12288,18289,20337,2048
12288,14336,22385,24433,2048
14336,16384,26481,28529,2048
16384,18432,28529,30577,2048
18432,20480,34673,36721,2048
20480,22528,36721,38769,2048
22528,24576,38769,40817,2048
24576,26624,44913,46961,2048
26624,28672,63345,65393,2048
28672,30720,65393,67441,2048
30720,32768,69489,71537,2048
32768,34816,71537,73585,2048
34816,36864,77681,79729,2048
36864,38912,81777,83825,2048
38912,40960,83825,85873,2048
40960,43008,85873,87921,2048
43008,45056,87921,89969,2048
45056,47104,89969,92017,2048
47104,49152,92017,94065,2048
49152,51200,96113,98161,2048
51200,53248,98161,100209,2048
53248,55296,104305,106353,2048
55296,57344,108401,110449,2048
57344,59392,114545,116593,2048
59392,61440,116593,118641,2048
61440,63488,118641,120689,2048
63488,65502,124785,126799,2014
